{
    "0": {
        "train": false,
        "skip_ss": false,
        "01-01-0022": {
            "acc": 0.9748927354812622,
            "f1": 0.0018943756177642092,
            "precision": 0.014440433207783236,
            "recall": 0.0010136847440189133,
            "dist_preds": [
                [
                    0.0,
                    1.0
                ],
                [
                    167603,
                    277
                ]
            ],
            "dist_labels": [
                [
                    0.0,
                    1.0
                ],
                [
                    165278,
                    2602
                ]
            ]
        }
    }
}