{
    "0": {
        "01-01-0009": {
            "acc": 0.99485182762146,
            "f1": 0.21519936727887518,
            "precision": 0.5674603172351348,
            "recall": 0.13277623025693813,
            "dist_preds": [
                [
                    0.0,
                    1.0
                ],
                [
                    202342,
                    252
                ]
            ],
            "dist_labels": [
                [
                    0.0,
                    1.0
                ],
                [
                    201517,
                    1077
                ]
            ]
        }
    }
}